{
  "problem1": {
    "power_curves": {
      "P_wind": [
        10.904,
        15.152000000000001,
        13.312,
        15.072000000000001,
        18.724,
        9.628,
        22.804000000000002,
        17.852,
        14.328000000000001,
        11.904,
        7.736,
        8.556000000000001,
        14.52,
        6.707999999999999,
        11.175999999999998,
        10.107999999999999,
        6.3839999999999995,
        6.428000000000001,
        5.736,
        3.752,
        3.6919999999999997,
        4.88,
        2.5,
        3.1919999999999997
      ],
      "P_pv": [
        0.0,
        0.0,
        0.0,
        0.0,
        0.0,
        1.28,
        7.68,
        17.92,
        28.8,
        37.12,
        42.88,
        44.8,
        46.08,
        42.88,
        37.12,
        28.8,
        17.92,
        5.12,
        0.0,
        0.0,
        0.0,
        0.0,
        0.0,
        0.0
      ],
      "P_load": [
        1.3698000000000001,
        1.0997999999999999,
        0.7998000000000001,
        0.99,
        1.1802000000000001,
        1.6301999999999999,
        2.5002,
        3.3701999999999996,
        4.0098,
        4.199999999999999,
        4.1202,
        3.9000000000000004,
        3.2598000000000003,
        2.6898,
        3.63,
        3.8202000000000003,
        3.75,
        3.1398,
        2.61,
        2.1198,
        1.8599999999999999,
        1.6301999999999999,
        1.56,
        1.4802
      ],
      "P_H2NH3": 20.75,
      "P_total_load": [
        22.1198,
        21.8498,
        21.5498,
        21.74,
        21.9302,
        22.3802,
        23.2502,
        24.1202,
        24.7598,
        24.95,
        24.8702,
        24.65,
        24.0098,
        23.439799999999998,
        24.38,
        24.5702,
        24.5,
        23.8898,
        23.36,
        22.8698,
        22.61,
        22.3802,
        22.31,
        22.2302
      ],
      "P_RE": [
        10.904,
        15.152000000000001,
        13.312,
        15.072000000000001,
        18.724,
        10.908,
        30.484,
        35.772000000000006,
        43.128,
        49.024,
        50.616,
        53.355999999999995,
        60.599999999999994,
        49.588,
        48.29599999999999,
        38.908,
        24.304000000000002,
        11.548000000000002,
        5.736,
        3.752,
        3.6919999999999997,
        4.88,
        2.5,
        3.1919999999999997
      ],
      "P_net": [
        -11.215800000000002,
        -6.697799999999997,
        -8.237800000000002,
        -6.6679999999999975,
        -3.206199999999999,
        -11.472199999999999,
        7.233800000000002,
        11.651800000000005,
        18.3682,
        24.074,
        25.7458,
        28.705999999999996,
        36.590199999999996,
        26.148200000000003,
        23.915999999999993,
        14.337800000000001,
        -0.19599999999999795,
        -12.3418,
        -17.624,
        -19.117800000000003,
        -18.918,
        -17.5002,
        -19.81,
        -19.0382
      ],
      "P_buy": [
        11.215800000000002,
        6.697799999999997,
        8.237800000000002,
        6.6679999999999975,
        3.206199999999999,
        11.472199999999999,
        0.0,
        0.0,
        0.0,
        0.0,
        0.0,
        0.0,
        0.0,
        0.0,
        0.0,
        0.0,
        0.19599999999999795,
        12.3418,
        17.624,
        19.117800000000003,
        18.918,
        17.5002,
        19.81,
        19.0382
      ],
      "P_sell": [
        0.0,
        0.0,
        0.0,
        0.0,
        0.0,
        0.0,
        7.233800000000002,
        11.651800000000005,
        18.3682,
        24.074,
        25.7458,
        28.705999999999996,
        36.590199999999996,
        26.148200000000003,
        23.915999999999993,
        14.337800000000001,
        0.0,
        0.0,
        0.0,
        0.0,
        0.0,
        0.0,
        0.0,
        0.0
      ]
    },
    "energy_indicators": {
      "E_use": 558.72,
      "E_RE": 603.45,
      "E_buy": 172.04,
      "E_sell": 216.77,
      "E_wind": 245.05,
      "E_pv": 358.4
    },
    "green_indicators": {
      "r1": 28.16,
      "r2": 69.21,
      "r3": 35.92,
      "r1_pass": false,
      "r2_pass": true,
      "r3_pass": false,
      "compliance": "partial"
    },
    "cost": {
      "C_ton": 4368.0,
      "C_buy": 97721.03,
      "R_sell": 81918.06,
      "C_RE": 79765.2,
      "C_OM_H2": 60000.0,
      "C_OM_NH3": 36.0,
      "C_dep_NH3": 1643.84,
      "total_cost": 157248.0,
      "Q_NH3": 36.0
    }
  },
  "problem2_summary": {
    "best_typical": {
      "Q_NH3": 36,
      "C_ton": 3283.0,
      "compliance": "partial",
      "utilization": 50.0
    },
    "annual_analysis": {
      "best_Q": 36,
      "annual_costs_by_Q": {
        "72": 7228.33,
        "63": 6575.46,
        "54": 5970.54,
        "45": 5363.38,
        "36": 4585.15
      },
      "green_stats": {
        "all_pass_days": 0,
        "partial_days": 315,
        "all_fail_days": 45
      }
    }
  },
  "problem3_summary": {
    "annual_analysis": {
      "best_Q": 36,
      "annual_costs_by_Q": {
        "72": 7239.98,
        "63": 6462.02,
        "54": 5716.82,
        "45": 5065.26,
        "36": 4283.62
      },
      "green_stats": {
        "all_pass_days": 165,
        "partial_days": 195,
        "all_fail_days": 0
      }
    },
    "comparison_with_q2": {
      "72": {
        "Q2_cost": 7228.33,
        "Q3_cost": 7228.33,
        "improvement_pct": 0.0
      },
      "63": {
        "Q2_cost": 6575.46,
        "Q3_cost": 6462.02,
        "improvement_pct": 1.73
      },
      "54": {
        "Q2_cost": 5970.54,
        "Q3_cost": 5716.82,
        "improvement_pct": 4.25
      },
      "45": {
        "Q2_cost": 5363.38,
        "Q3_cost": 5065.26,
        "improvement_pct": 5.56
      },
      "36": {
        "Q2_cost": 4585.15,
        "Q3_cost": 4283.62,
        "improvement_pct": 6.58
      }
    }
  },
  "problem4_summary": {
    "offgrid_annual_Q": 9781.8,
    "storage_best_C_bat": 410.0,
    "grid_vs_offgrid": {
      "offgrid_cost": 4133.64,
      "grid_cost": 4283.62,
      "cost_diff": -149.98,
      "offgrid_daily_Q": 29.6,
      "grid_Q": 36,
      "system_support_value": 149.98
    }
  },
  "sensitivity": {
    "base_cost": 4568.41,
    "parameters": {
      "风电装机容量": {
        "values": [
          0.8,
          0.8500000000000001,
          0.9,
          0.95,
          1.0,
          1.05,
          1.1,
          1.15,
          1.2
        ],
        "costs": [
          4714.67,
          4675.37,
          4633.39,
          4598.96,
          4568.41,
          4540.87,
          4516.44,
          4494.1,
          4478.23
        ],
        "base_value": 1.0,
        "sensitivity": 5.18
      },
      "光伏装机容量": {
        "values": [
          0.8,
          0.8500000000000001,
          0.9,
          0.95,
          1.0,
          1.05,
          1.1,
          1.15,
          1.2
        ],
        "costs": [
          4931.98,
          4815.05,
          4713.68,
          4634.55,
          4568.41,
          4505.03,
          4445.82,
          4393.89,
          4347.78
        ],
        "base_value": 1.0,
        "sensitivity": 12.79
      },
      "购电电价": {
        "values": [
          0.7,
          0.7749999999999999,
          0.85,
          0.925,
          1.0,
          1.075,
          1.15,
          1.225,
          1.3
        ],
        "costs": [
          4074.52,
          4197.46,
          4321.25,
          4443.51,
          4568.41,
          4690.21,
          4817.38,
          4931.25,
          5064.79
        ],
        "base_value": 1.0,
        "sensitivity": 21.68
      },
      "售电电价": {
        "values": [
          0.7,
          0.7749999999999999,
          0.85,
          0.925,
          1.0,
          1.075,
          1.15,
          1.225,
          1.3
        ],