{
  "wind": {
    "mu": [
      0.2628375,
      0.15569166666666667,
      0.28270833333333334,
      0.3827958333333334,
      0.3228958333333333,
      0.21491666666666664
    ],
    "seasonal": [
      -0.021507638888888896,
      0.02500902777777779,
      0.059159027777777776,
      0.08102569444444445,
      0.08652569444444444,
      0.1054423611111111,
      0.10282569444444442,
      0.10274236111111114,
      0.10629236111111112,
      0.06757569444444445,
      -0.032490972222222234,
      -0.06460763888888887,
      -0.05439097222222222,
      -0.013874305555555563,
      -0.04315763888888888,
      0.020175694444444447,
      0.018059027777777778,
      -0.025590972222222223,
      -0.025140972222222217,
      -0.0641409722222222,
      -0.10850763888888887,
      -0.1284076388888889,
      -0.13072430555555556,
      -0.062290972222222234
    ],
    "volatility": [
      0.0749182370647369,
      0.04749625240556672,
      0.04185901366469007,
      0.10255961787870094,
      0.08675327769973523,
      0.06566004936680356
    ],
    "scenarios": [
      [
        0.2444,
        0.1328,
        0.2976,
        0.3374,
        0.2444,
        0.2362
      ],
      [
        0.2726,
        0.2125,
        0.3346,
        0.3521,
        0.3375,
        0.2626
      ],
      [
        0.3788,
        0.2345,
        0.3567,
        0.3273,
        0.3848,
        0.2947
      ],
      [
        0.3328,
        0.2576,
        0.393,
        0.5042,
        0.3328,
        0.2876
      ],
      [
        0.3768,
        0.2475,
        0.3772,
        0.4819,
        0.3786,
        0.279
      ],
      [
        0.4681,
        0.2405,
        0.3369,
        0.577,
        0.3579,
        0.2741
      ],
      [
        0.2407,
        0.2285,
        0.3458,
        0.7089,
        0.4463,
        0.2686
      ],
      [
        0.5701,
        0.191,
        0.319,
        0.659,
        0.2407,
        0.2585
      ],
      [
        0.4463,
        0.1187,
        0.2678,
        0.6269,
        0.5581,
        0.2418
      ],
      [
        0.3582,
        0.1215,
        0.2979,
        0.5528,
        0.5232,
        0.1737
      ],
      [
        0.2976,
        0.1334,
        0.2201,
        0.2249,
        0.3999,
        0.151
      ],
      [
        0.1934,
        0.1073,
        0.2325,
        0.1913,
        0.3582,
        0.1515
      ],
      [
        0.2139,
        0.1042,
        0.2253,
        0.2704,
        0.3185,
        0.1632
      ],
      [
        0.363,
        0.1697,
        0.2676,
        0.2738,
        0.3203,
        0.1442
      ],
      [
        0.1677,
        0.2091,
        0.2651,
        0.3788,
        0.2064,
        0.1358
      ],
      [
        0.2794,
        0.2101,
        0.3638,
        0.5415,
        0.2139,
        0.1342
      ],
      [
        0.2527,
        0.1474,
        0.3431,
        0.429,
        0.3916,
        0.1664
      ],
      [
        0.1596,
        0.1652,
        0.3087,
        0.4153,
        0.2093,
        0.2102
      ],
      [
        0.1607,
        0.1563,
        0.3038,
        0.3832,
        0.1968,
        0.2702
      ],
      [
        0.1434,
        0.1078,
        0.2309,
        0.2354,
        0.2794,
        0.2401
      ],
      [
        0.0938,
        0.0582,
        0.1807,
        0.2202,
        0.2471,
        0.1708
      ],
      [
        0.0923,
        0.0373,
        0.1563,
        0.1304,
        0.2255,
        0.2096
      ],
      [
        0.122,
        0.0531,
        0.1613,
        0.1538,
        0.1551,
        0.1922
      ],
      [
        0.0798,
        0.0924,
        0.1993,
        0.2116,
        0.4232,
        0.2418
      ]
    ],
    "epsilon": [
      [
        0.0030701388888889,
        -0.0013840277777777757,
        0.03639930555555553,
        -0.023888194444444517,
        -0.056988194444444425,
        0.042790972222222244
      ],
      [
        -0.015246527777777782,
        0.03179930555555553,
        0.02688263888888888,
        -0.055704861111111156,
        -0.010404861111111094,
        0.022674305555555566
      ],
      [
        0.05680347222222225,
        0.019649305555555538,
        0.014832638888888902,
        -0.11465486111111119,
        0.0027451388888888734,
        0.020624305555555597
      ],
      [
        -0.011063194444444466,
        0.020882638888888874,
        0.029265972222222228,
        0.04037847222222214,
        -0.07112152777777779,
        -0.008342361111111071
      ],
      [
        0.027436805555555582,
        0.005282638888888885,
        0.0079659722222222,
        0.012578472222222165,
        -0.030821527777777774,
        -0.02244236111111106
      ],
      [
        0.09982013888888891,
        -0.020634027777777786,
        -0.05125069444444447,
        0.08876180555555546,
        -0.07043819444444444,
        -0.04625902777777774
      ],
      [
        -0.12496319444444443,
        -0.030017361111111085,
        -0.039734027777777764,
        0.22327847222222216,
        0.020578472222222227,
        -0.04914236111111106
      ],
      [
        0.20452013888888892,
        -0.06743402777777781,
        -0.06645069444444447,
        0.17346180555555551,
        -0.18493819444444448,
        -0.059159027777777776
      ],
      [
        0.07717013888888885,
        -0.1432840277777778,
        -0.12120069444444448,
        0.1378118055555555,
        0.1289118055555556,
        -0.07940902777777778
      ],
      [
        0.02778680555555557,
        -0.10176736111111112,
        -0.052384027777777786,
        0.10242847222222212,
        0.13272847222222223,
        -0.1087923611111111
      ],
      [
        0.06725347222222221,
        0.010199305555555552,
        -0.030117361111111116,
        -0.12540486111111115,
        0.10949513888888888,
        -0.031425694444444416
      ],
      [
        -0.004829861111111139,
        0.016215972222222208,
        0.014399305555555547,
        -0.12688819444444452,
        0.09991180555555557,
        0.0011909722222222252
      ],
      [
        0.005453472222222228,
        0.002899305555555551,
        -0.0030173611111111165,
        -0.058004861111111194,
        0.0499951388888889,
        0.0026743055555555895
      ],
      [
        0.11403680555555555,
        0.02788263888888888,
        -0.0012340277777777714,
        -0.09512152777777784,
        0.01127847222222221,
        -0.05684236111111109
      ],
      [
        -0.051979861111111136,
        0.09656597222222221,
        0.02554930555555554,
        0.03916180555555551,
        -0.07333819444444445,
        -0.03595902777777776
      ],
      [
        -0.0036131944444444675,
        0.03423263888888889,
        0.060915972222222226,
        0.13852847222222214,
        -0.12917152777777777,
        -0.10089236111111108
      ],
      [
        -0.0281965277777778,
        -0.026350694444444447,
        0.0423326388888889,
        0.028145138888888824,
        0.0506451388888889,
        -0.06657569444444443
      ],
      [
        -0.07764652777777778,
        0.035099305555555564,
        0.05158263888888886,
        0.058095138888888835,
        -0.08800486111111108,
        0.020874305555555576
      ],
      [
        -0.07699652777777777,
        0.02574930555555554,
        0.04623263888888889,
        0.02554513888888881,
        -0.1009548611111111,
        0.08042430555555558
      ],
      [
        -0.0552965277777778,
        0.016249305555555538,
        0.012332638888888858,
        -0.08325486111111119,
        0.02064513888888886,
        0.08932430555555557
      ],
      [
        -0.06052986111111114,
        0.011015972222222198,
        0.006499305555555529,
        -0.054088194444444515,
        0.03271180555555553,
        0.06439097222222223
      ],
      [
        -0.04212986111111111,
        0.010015972222222225,
        0.0019993055555555528,
