{
  "weights": [
    0.0961,
    0.109,
    0.1064,
    0.4425,
    0.1064,
    0.1396
  ],
  "indicators": [
    "吨氨综合成本 (元/吨) [成本型]",
    "全年绿电直连合规天数 (天) [效益型]",
    "风光自给消纳率 (%) [效益型]",
    "电网支撑柔性调峰容量 (MW) [效益型]",
    "碳减排强度与绿氨溢价 (%) [效益型]",
    "能源自治抗电价风险能力 (%) [效益型]"
  ],
  "schemes": [
    "方案A：联网运行 + 离散调节 (Q2最优)",
    "方案B：联网运行 + 连续调节 (Q3最优)",
    "方案C：离网运行 + 无储能 (Q4-1)",
    "方案D：离网运行 + 最优储能 (Q4-2)"
  ],
  "decision_matrix": [
    [
      4585.15,
      0.0,
      45.0,
      0.0,
      45.0,
      10.0
    ],
    [
      4283.62,
      165.0,
      72.0,
      37.35,
      72.0,
      30.0
    ],
    [
      4220.0,
      360.0,
      100.0,
      0.0,
      100.0,
      100.0
    ],
    [
      4133.64,
      360.0,
      100.0,
      0.0,
      100.0,
      100.0
    ]
  ],
  "standardized_matrix": [
    [
      0.0,
      0.0,
      0.0,
      0.0,
      0.0,
      0.0
    ],
    [
      0.6678257402936817,
      0.4583333333333333,
      0.4909090909090909,
      1.0,
      0.4909090909090909,
      0.2222222222222222
    ],
    [
      0.808730703638901,
      1.0,
      1.0,
      0.0,
      1.0,
      1.0
    ],
    [
      1.0,
      1.0,
      1.0,
      0.0,
      1.0,
      1.0
    ]
  ],
  "topsis_scores": [
    0.0,
    0.7543,
    0.3562,
    0.3624
  ],
  "gra_scores": [
    0.5168,
    0.8771,
    0.6976,
    0.705
  ],
  "combined_scores": [
    0.2584,
    0.8157,
    0.5269,
    0.5337
  ],
  "rank": [
    2,
    4,
    3,
    1
  ]
}