{
  "power_curves": {
    "P_wind": [
      10.904,
      15.152000000000001,
      13.312,
      15.072000000000001,
      18.724,
      9.628,
      22.804000000000002,
      17.852,
      14.328000000000001,
      11.904,
      7.736,
      8.556000000000001,
      14.52,
      6.707999999999999,
      11.175999999999998,
      10.107999999999999,
      6.3839999999999995,
      6.428000000000001,
      5.736,
      3.752,
      3.6919999999999997,
      4.88,
      2.5,
      3.1919999999999997
    ],
    "P_pv": [
      0.0,
      0.0,
      0.0,
      0.0,
      0.0,
      1.28,
      7.68,
      17.92,
      28.8,
      37.12,
      42.88,
      44.8,
      46.08,
      42.88,
      37.12,
      28.8,
      17.92,
      5.12,
      0.0,
      0.0,
      0.0,
      0.0,
      0.0,
      0.0
    ],
    "P_load": [
      1.3698000000000001,
      1.0997999999999999,
      0.7998000000000001,
      0.99,
      1.1802000000000001,
      1.6301999999999999,
      2.5002,
      3.3701999999999996,
      4.0098,
      4.199999999999999,
      4.1202,
      3.9000000000000004,
      3.2598000000000003,
      2.6898,
      3.63,
      3.8202000000000003,
      3.75,
      3.1398,
      2.61,
      2.1198,
      1.8599999999999999,
      1.6301999999999999,
      1.56,
      1.4802
    ],
    "P_H2NH3": 20.75,
    "P_total_load": [
      22.1198,
      21.8498,
      21.5498,
      21.74,
      21.9302,
      22.3802,
      23.2502,
      24.1202,
      24.7598,
      24.95,
      24.8702,
      24.65,
      24.0098,
      23.439799999999998,
      24.38,
      24.5702,
      24.5,
      23.8898,
      23.36,
      22.8698,
      22.61,
      22.3802,
      22.31,
      22.2302
    ],
    "P_RE": [
      10.904,
      15.152000000000001,
      13.312,
      15.072000000000001,
      18.724,
      10.908,
      30.484,
      35.772000000000006,
      43.128,
      49.024,
      50.616,
      53.355999999999995,
      60.599999999999994,
      49.588,
      48.29599999999999,
      38.908,
      24.304000000000002,
      11.548000000000002,
      5.736,
      3.752,
      3.6919999999999997,
      4.88,
      2.5,
      3.1919999999999997
    ],
    "P_net": [
      -11.215800000000002,
      -6.697799999999997,
      -8.237800000000002,
      -6.6679999999999975,
      -3.206199999999999,
      -11.472199999999999,
      7.233800000000002,
      11.651800000000005,
      18.3682,
      24.074,
      25.7458,
      28.705999999999996,
      36.590199999999996,
      26.148200000000003,
      23.915999999999993,
      14.337800000000001,
      -0.19599999999999795,
      -12.3418,
      -17.624,
      -19.117800000000003,
      -18.918,
      -17.5002,
      -19.81,
      -19.0382
    ],
    "P_buy": [
      11.215800000000002,
      6.697799999999997,
      8.237800000000002,
      6.6679999999999975,
      3.206199999999999,
      11.472199999999999,
      0.0,
      0.0,
      0.0,
      0.0,
      0.0,
      0.0,
      0.0,
      0.0,
      0.0,
      0.0,
      0.19599999999999795,
      12.3418,
      17.624,
      19.117800000000003,
      18.918,
      17.5002,
      19.81,
      19.0382
    ],
    "P_sell": [
      0.0,
      0.0,
      0.0,
      0.0,
      0.0,
      0.0,
      7.233800000000002,
      11.651800000000005,
      18.3682,
      24.074,
      25.7458,
      28.705999999999996,
      36.590199999999996,
      26.148200000000003,
      23.915999999999993,
      14.337800000000001,
      0.0,
      0.0,
      0.0,
      0.0,
      0.0,
      0.0,
      0.0,
      0.0
    ]
  },
  "energy_indicators": {
    "E_use": 558.72,
    "E_RE": 603.45,
    "E_buy": 172.04,
    "E_sell": 216.77,
    "E_wind": 245.05,
    "E_pv": 358.4
  },
  "green_indicators": {
    "r1": 28.16,
    "r2": 69.21,
    "r3": 35.92,
    "r1_pass": false,
    "r2_pass": true,
    "r3_pass": false,
    "compliance": "partial"
  },
  "cost": {
    "C_ton": 4368.0,
    "C_buy": 97721.03,
    "R_sell": 81918.06,
    "C_RE": 79765.2,
    "C_OM_H2": 60000.0,
    "C_OM_NH3": 36.0,
    "C_dep_NH3": 1643.84,
    "total_cost": 157248.0,
    "Q_NH3": 36.0
  }
}