{
  "base_cost": 4568.41,
  "parameters": {
    "风电装机容量": {
      "values": [
        0.8,
        0.8500000000000001,
        0.9,
        0.95,
        1.0,
        1.05,
        1.1,
        1.15,
        1.2
      ],
      "costs": [
        4714.67,
        4675.37,
        4633.39,
        4598.96,
        4568.41,
        4540.87,
        4516.44,
        4494.1,
        4478.23
      ],
      "base_value": 1.0,
      "sensitivity": 5.18
    },
    "光伏装机容量": {
      "values": [
        0.8,
        0.8500000000000001,
        0.9,
        0.95,
        1.0,
        1.05,
        1.1,
        1.15,
        1.2
      ],
      "costs": [
        4931.98,
        4815.05,
        4713.68,
        4634.55,
        4568.41,
        4505.03,
        4445.82,
        4393.89,
        4347.78
      ],
      "base_value": 1.0,
      "sensitivity": 12.79
    },
    "购电电价": {
      "values": [
        0.7,
        0.7749999999999999,
        0.85,
        0.925,
        1.0,
        1.075,
        1.15,
        1.225,
        1.3
      ],
      "costs": [
        4074.52,
        4197.46,
        4321.25,
        4443.51,
        4568.41,
        4690.21,
        4817.38,
        4931.25,
        5064.79
      ],
      "base_value": 1.0,
      "sensitivity": 21.68
    },
    "售电电价": {
      "values": [
        0.7,
        0.7749999999999999,
        0.85,
        0.925,
        1.0,
        1.075,
        1.15,
        1.225,
        1.3
      ],
      "costs": [
        4644.4,
        4632.15,
        4610.13,
        4588.32,
        4568.41,
        4541.99,
        4526.93,
        4505.05,
        4482.59
      ],
      "base_value": 1.0,
      "sensitivity": 3.54
    },
    "储能投资成本": {
      "values": [
        0.5,
        0.625,
        0.75,
        0.875,
        1.0,
        1.125,
        1.25,
        1.375,
        1.5
      ],
      "costs": [
        3800.61,
        3800.76,
        3800.91,
        3801.07,
        3801.22,
        3801.37,
        3801.52,
        3801.67,
        3801.83
      ],
      "base_value": 1.0,
      "sensitivity": 0.03
    }
  },
  "tornado": [
    {
      "parameter": "购电电价",
      "low_value": 0.7,
      "high_value": 1.3,
      "low_cost": 4074.52,
      "high_cost": 5064.79,
      "range": 990.27
    },
    {
      "parameter": "光伏装机容量",
      "low_value": 0.8,
      "high_value": 1.2,
      "low_cost": 4931.98,
      "high_cost": 4347.78,
      "range": 584.1999999999998
    },
    {
      "parameter": "风电装机容量",
      "low_value": 0.8,
      "high_value": 1.2,
      "low_cost": 4714.67,
      "high_cost": 4478.23,
      "range": 236.4400000000005
    },
    {
      "parameter": "售电电价",
      "low_value": 0.7,
      "high_value": 1.3,
      "low_cost": 4644.4,
      "high_cost": 4482.59,
      "range": 161.8099999999995
    },
    {
      "parameter": "储能投资成本",
      "low_value": 0.5,
      "high_value": 1.5,
      "low_cost": 3800.61,
      "high_cost": 3801.83,
      "range": 1.2199999999998
    }
  ]
}